{
  "version": 1,
  "author": "Raphael Torres",
  "editor": "wokwi",
  "parts": [
    { "type": "wokwi-breadboard", "id": "bb1", "top": -41.4, "left": -141.2, "attrs": {} },
    { "type": "board-esp32-devkit-c-v4", "id": "esp", "top": -86.4, "left": 72.04, "attrs": {} },
    {
      "type": "wokwi-pushbutton",
      "id": "btn2",
      "top": 47.4,
      "left": -45,
      "rotate": 90,
      "attrs": { "color": "yellow" }
    },
    {
      "type": "wokwi-pushbutton",
      "id": "btn3",
      "top": 47.4,
      "left": -141,
      "rotate": 90,
      "attrs": { "color": "red", "bounce": "1" }
    },
    {
      "type": "board-ssd1306",
      "id": "oled1",
      "top": 31.94,
      "left": 230.63,
      "attrs": { "i2cAddress": "0x3c" }
    }
  ],
  "connections": [
    [ "esp:TX", "$serialMonitor:RX", "", [] ],
    [ "esp:RX", "$serialMonitor:TX", "", [] ],
    [ "esp:3V3", "oled1:VCC", "green", [ "h48.15", "v-19.2", "h143.85" ] ],
    [ "esp:GND.2", "oled1:GND", "black", [ "v0", "h67.2" ] ],
    [ "esp:22", "oled1:SCL", "blue", [ "h0" ] ],
    [ "esp:21", "oled1:SDA", "orange", [ "h0" ] ],
    [ "esp:3V3", "bb1:bp.40", "red", [ "v38.4", "h115.35", "v164.1" ] ],
    [ "bb1:bn.1", "bb1:1b.j", "green", [ "v0" ] ],
    [ "bb1:bn.8", "bb1:11b.j", "green", [ "v0" ] ],
    [ "bb1:13t.c", "esp:12", "gold", [ "v9.6", "h48", "v19.2" ] ],
    [ "esp:GND.1", "bb1:bn.40", "black", [ "h134.55", "v87.7" ] ],
    [ "bb1:3t.c", "esp:14", "green", [ "v0" ] ],
    [ "btn2:1.l", "bb1:13t.d", "", [ "$bb" ] ],
    [ "btn2:2.l", "bb1:11t.d", "", [ "$bb" ] ],
    [ "btn2:1.r", "bb1:13b.i", "", [ "$bb" ] ],
    [ "btn2:2.r", "bb1:11b.i", "", [ "$bb" ] ],
    [ "btn3:1.l", "bb1:3t.d", "", [ "$bb" ] ],
    [ "btn3:2.l", "bb1:1t.d", "", [ "$bb" ] ],
    [ "btn3:1.r", "bb1:3b.i", "", [ "$bb" ] ],
    [ "btn3:2.r", "bb1:1b.i", "", [ "$bb" ] ],
    [ "esp:2", "bb1:31b.f", "", [ "$bb" ] ],
    [ "esp:5", "bb1:31t.c", "", [ "$bb" ] ],
    [ "esp:13", "bb1:21b.f", "", [ "$bb" ] ],
    [ "esp:14", "bb1:21t.e", "", [ "$bb" ] ],
    [ "esp:15", "bb1:31b.g", "", [ "$bb" ] ],
    [ "esp:16", "bb1:31t.e", "", [ "$bb" ] ],
    [ "esp:17", "bb1:31t.d", "", [ "$bb" ] ],
    [ "esp:18", "bb1:31t.b", "", [ "$bb" ] ],
    [ "esp:19", "bb1:31t.a", "", [ "$bb" ] ],
    [ "esp:25", "bb1:21t.b", "", [ "$bb" ] ],
    [ "esp:26", "bb1:21t.c", "", [ "$bb" ] ],
    [ "esp:27", "bb1:21t.d", "", [ "$bb" ] ],
    [ "esp:33", "bb1:21t.a", "", [ "$bb" ] ],
    [ "esp:34", "bb1:tn.16", "", [ "$bb" ] ],
    [ "esp:VN", "bb1:tp.16", "", [ "$bb" ] ],
    [ "esp:D2", "bb1:21b.g", "", [ "$bb" ] ],
    [ "esp:D3", "bb1:21b.h", "", [ "$bb" ] ],
    [ "esp:CMD", "bb1:21b.i", "", [ "$bb" ] ],
    [ "esp:5V", "bb1:21b.j", "", [ "$bb" ] ],
    [ "esp:TX", "bb1:tp.25", "", [ "$bb" ] ],
    [ "esp:RX", "bb1:tn.25", "", [ "$bb" ] ],
    [ "esp:D1", "bb1:31b.h", "", [ "$bb" ] ],
    [ "esp:D0", "bb1:31b.i", "", [ "$bb" ] ],
    [ "esp:CLK", "bb1:31b.j", "", [ "$bb" ] ],
    [ "oled1:GND", "bb1:41t.d", "", [ "$bb" ] ],
    [ "oled1:VCC", "bb1:42t.d", "", [ "$bb" ] ],
    [ "oled1:SCL", "bb1:43t.d", "", [ "$bb" ] ],
    [ "oled1:SDA", "bb1:44t.d", "", [ "$bb" ] ]
  ],
  "dependencies": {}
}